Doctor Name,License Number
Dr. B. Who,30584
Dr. R. Keshwani M.B.B.S.,91168
Dr. Abhishek,21319
Dr. D. Ravi Shankar M.D.,74200
Dr. Sudip Roy,41801
Dr. Naveen Polavarapu (Gastro),52643
Dr. Ajay Sahdev (Diadetology),21430
Dr. Raja Nag (Cardiology),53207
Dr. Jack R. Frost LCDR M.D. USNR,41664
Dr. Alfred Sauls,57417
Dr. Ravidra Kumar M.B.B.S,81648
Dr. Soumen Das (Surgical Oncology),28860
Dr. Leonidas M. Berry M.D.,35250
Dr. Hari Kishan Boorugu M.D.,27556
Dr. Bill Andrew Balmer,74224
Dr. Y. Lavanya M.B.B.S,82700
Dr. K Chanakya Chandra Kumar M.B.B.S.,33564
Dr. Jaya Prakash Hebbar,83176
Dr. Ramesh S.,76434
Dr. W.E. HANSEN M.D.,35768
Dr. Raja Yasser Shanbar M.D. M.B.B.S,59530
Dr. M. Senkateswara Rao M.D.,77575
Dr. Sampura Ghosh,37719
Dr. Steve Johnson M.D.,44598
Dr. R.G. Combs M.D.,97670
Dr. Raj Kamal Agarwal,72758
Dr. N. Apoorva Reddy M.S.S.G,72308
Dr. Talat Ajij M. M.B.B.S,36657
Dr. Baba Sahbambedkar M.D.,22824
"Irene T. Saliganan-Kamion, MD",129298
"Omar Sharief H. Ullah, MD",173726
"Hussein H. Sahijuan III, MD., MPH",120042
"Leony D. Coronel, MD, MPH",165881
"Cathy T. Usman, MD",82880
"Steve Johnson, MD ",
"Zandro B. Benitez, DMD",50049
"Cathy T. Usman, MD",
"CO Jones, ARNP",
"Reynaldo O. Joson, MD,MHA, MHPEd, MSc Surg",44609
